{
  "devices": [
    {
      "installationId": "1e8ccd30-7b47-4ecc-b0d0-e8ff95d1e372",
      "lastUsed": 1766839202301
    },
    {
      "installationId": "930c25c7-4ffd-4862-865e-13577adf6e05",
      "lastUsed": 1766836072364
    },
    {
      "installationId": "1205813e-58f9-445e-920c-c8705b3ae9c5",
      "lastUsed": 1766835684270
    },
    {
      "installationId": "efa21cd4-cc03-47f3-b287-13aac49ba908",
      "lastUsed": 1766835091964
    },
    {
      "installationId": "61229f96-2474-4603-899a-8bddd162bfbb",
      "lastUsed": 1766834546971
    },
    {
      "installationId": "e28d33a5-ad02-4c1d-a22f-d88b4745521b",
      "lastUsed": 1766830243689
    },
    {
      "installationId": "19006ba7-2e15-4a73-a166-2c7d783f8d15",
      "lastUsed": 1766820505178
    },
    {
      "installationId": "31a7c09d-a9f2-4614-af87-ecc7a71044ba",
      "lastUsed": 1766777992604
    },
    {
      "installationId": "2e9be133-97a4-40c9-badf-ee23e586daef",
      "lastUsed": 1766777078861
    },
    {
      "installationId": "fec71b6f-d5ac-44b7-9af5-e0135f59bb56",
      "lastUsed": 1766769688814
    }
  ]
}
